id,firstName,lastName,email,gender,contactNo,country,dob
1,Dud,Ishak,dishak0@alexa.com,Male,970-613-2617,Ukraine,24-06-2012
2,Jolyn,Bragg,jbragg1@go.com,Genderqueer,614-319-7266,United States,18-09-2003
3,Sallie,Gaw,sgaw2@mit.edu,Female,997-395-9270,France,12-05-1994
4,Belle,De Biasi,bdebiasi3@ucla.edu,Female,592-563-0424,Democratic Republic of the Congo,08-04-2001
5,Bing,Filov,bfilov4@engadget.com,Male,343-984-1150,Indonesia,19-10-1992
6,West,Douberday,wdouberday5@mozilla.org,Male,615-444-4318,Brazil,24-05-1990
7,Marion,Northridge,mnorthridge6@newsvine.com,Female,149-504-2848,Dominican Republic,01-04-2020
8,Hillary,Whittle,hwhittle7@free.fr,Non-binary,800-103-2454,China,09-05-1993
9,Standford,Semour,ssemour8@live.com,Genderqueer,442-441-9317,Indonesia,24-10-2010
10,Babs,Orridge,borridge9@exblog.jp,Female,654-596-4163,Netherlands,04-08-1999
11,Arliene,Dunnett,adunnetta@microsoft.com,Female,799-950-8349,China,10-08-1999
12,Anabal,Bick,abickb@icq.com,Female,100-307-6924,Ukraine,20-06-2009
13,Thelma,Hoodlass,thoodlassc@ucsd.edu,Female,627-566-6711,China,16-11-2012
14,Othello,Sperrett,osperrettd@feedburner.com,Male,326-887-9247,France,28-11-1990
15,Kristal,Herche,kherchee@cbslocal.com,Female,928-973-7589,China,12-11-2016
16,Archibaldo,Goldberg,agoldbergf@ted.com,Male,733-212-0386,Brazil,27-04-2012
17,Traver,Sutheran,tsutherang@wired.com,Male,231-864-6056,Bosnia and Herzegovina,30-12-1994
18,Noelani,Baggally,nbaggallyh@discuz.net,Female,641-445-0261,Brazil,22-02-2015
19,Maye,Peetermann,mpeetermanni@rambler.ru,Female,222-435-3367,Bulgaria,19-01-2011
20,Barbara,Coleyshaw,bcoleyshawj@unc.edu,Agender,415-111-0479,Ecuador,13-11-2005
21,Fania,Rewan,frewank@msu.edu,Female,191-884-4571,Tunisia,16-12-2014
22,Wolfgang,Oakes,woakesl@illinois.edu,Male,257-206-7432,Indonesia,23-01-2013
23,Ade,O' Timony,aotimonym@gov.uk,Male,869-144-1196,Brazil,06-08-2011
24,Cherrita,Dyers,cdyersn@wikimedia.org,Female,458-114-4414,China,14-04-2017
25,Ram,Picknett,rpicknetto@sitemeter.com,Male,844-259-6129,Greece,29-08-2016
26,Lauree,Welbelove,lwelbelovep@wikipedia.org,Female,712-218-2506,Indonesia,02-04-1993
27,Christie,Fleischer,cfleischerq@earthlink.net,Male,738-533-1171,Iran,15-07-2006
28,Winthrop,Hamm,whammr@virginia.edu,Male,582-122-9264,Slovenia,16-10-1998
29,Cedric,Thring,cthrings@cpanel.net,Male,320-144-8534,China,20-07-2000
30,Lenci,Skipsey,lskipseyt@oaic.gov.au,Male,443-819-1410,China,17-11-2002
31,Marna,Breen,mbreenu@gravatar.com,Female,755-125-7502,Poland,06-11-2017
32,Moss,Doret,mdoretv@flavors.me,Male,530-901-1228,Brazil,04-06-1996
33,Goldie,Garland,ggarlandw@webeden.co.uk,Female,257-379-3499,Brazil,08-02-2018
34,Arlena,Armytage,aarmytagex@cocolog-nifty.com,Female,258-586-8992,Brazil,23-10-2019
35,Ianthe,Hamlen,ihamleny@sakura.ne.jp,Bigender,407-843-4247,Greece,08-09-2014
36,Mame,Kenworth,mkenworthz@gmpg.org,Female,750-276-1808,Portugal,10-02-2000
37,Joletta,O'Keefe,jokeefe10@artisteer.com,Female,345-311-4328,Russia,23-02-2002
38,Demetris,Golby,dgolby11@privacy.gov.au,Female,323-136-0870,United States,13-12-1991
39,Brianna,Benez,bbenez12@ustream.tv,Female,143-309-5021,China,10-08-2014
40,Gratia,Mahedy,gmahedy13@sbwire.com,Female,362-587-9986,Philippines,25-10-1994
41,Allissa,Kensall,akensall14@de.vu,Female,621-600-1159,Russia,25-04-2014
42,Ingaberg,Laba,ilaba15@jalbum.net,Female,674-550-0587,Brazil,21-12-1999
43,Glory,Babalola,gbabalola16@deviantart.com,Bigender,220-483-5637,Ukraine,09-10-2007
44,Yorke,Hemms,yhemms17@phpbb.com,Male,560-750-1697,China,03-02-1996
45,Haskel,Najara,hnajara18@twitpic.com,Male,714-554-4153,Sweden,23-07-1998
46,Lennie,Portress,lportress19@seesaa.net,Male,870-183-5539,Finland,07-05-1990
47,Fabian,Goodoune,fgoodoune1a@yellowbook.com,Male,746-893-9654,Marshall Islands,12-05-2010
48,Valentin,Lambarton,vlambarton1b@ebay.com,Male,229-940-0648,Montenegro,21-02-2004
49,Colas,Abrahamsen,cabrahamsen1c@deviantart.com,Polygender,557-794-1168,France,19-02-2018
50,Christabella,O'Scully,coscully1d@samsung.com,Female,538-928-2462,Colombia,20-09-2016
51,Bennie,Trinke,btrinke1e@hatena.ne.jp,Non-binary,553-748-1871,South Africa,06-04-2018
52,Cristian,Mackleden,cmackleden1f@wufoo.com,Male,730-252-2548,Chile,28-10-2018
53,Rufus,Santello,rsantello1g@trellian.com,Male,716-544-4886,China,27-10-2015
54,Smith,Songust,ssongust1h@prlog.org,Male,586-272-2263,Indonesia,06-04-2001
55,Jeni,Rodger,jrodger1i@cnet.com,Genderqueer,288-561-9583,Indonesia,28-07-2017
56,Constanta,Comiam,ccomiam1j@who.int,Female,560-978-8891,Mauritius,31-03-2009
57,Burty,Cutbirth,bcutbirth1k@domainmarket.com,Male,104-338-0122,China,30-01-2005
58,Keefer,Caddie,kcaddie1l@nsw.gov.au,Male,495-708-8739,France,02-03-2000
59,Jarib,Ankers,jankers1m@linkedin.com,Male,203-806-9578,France,12-04-2000
60,Nikita,Rennolds,nrennolds1n@arizona.edu,Male,939-519-9155,China,11-11-2014
61,Norris,Millson,nmillson1o@bizjournals.com,Male,117-607-6908,Ireland,31-07-2014
62,Tait,O' Culligan,toculligan1p@biglobe.ne.jp,Male,891-446-0089,Russia,14-11-2019
63,Mabel,Ferrarone,mferrarone1q@slate.com,Female,443-669-1163,China,10-02-1995
64,Shepherd,Doud,sdoud1r@uiuc.edu,Male,874-226-4208,Nigeria,02-09-2000
65,Alvin,Larmour,alarmour1s@hatena.ne.jp,Male,522-621-9071,Poland,04-01-2007
66,May,Tellwright,mtellwright1t@youtu.be,Female,901-266-9397,Greece,19-12-2002
67,Bret,Vallens,bvallens1u@tumblr.com,Male,551-205-2523,Ireland,10-03-2004
68,Gertrudis,Creavan,gcreavan1v@biglobe.ne.jp,Female,896-323-8268,Czech Republic,11-10-2014
69,Bev,Bolino,bbolino1w@bbb.org,Polygender,688-897-1545,France,22-08-2010
70,Gilberte,Hedgeman,ghedgeman1x@topsy.com,Female,204-819-8853,Russia,30-08-2016
71,Alf,Hacquoil,ahacquoil1y@rambler.ru,Male,649-415-9535,Russia,25-08-1995
72,Clemens,Gallager,cgallager1z@bbc.co.uk,Male,225-181-7339,Philippines,27-06-2009
73,Ezra,Kares,ekares20@unc.edu,Male,835-396-0847,China,22-04-1994
74,Ugo,Coom,ucoom21@symantec.com,Male,925-961-9539,Philippines,21-03-2020
75,Arthur,Ruggiero,aruggiero22@phpbb.com,Male,699-566-1150,Azerbaijan,23-02-1999
76,Rockey,Kindall,rkindall23@elpais.com,Male,843-664-5976,Serbia,25-12-1997
77,Rurik,Farrear,rfarrear24@symantec.com,Male,467-261-5095,China,31-12-1990
78,Nichole,Dillow,ndillow25@techcrunch.com,Male,390-205-6658,Russia,01-12-2015
79,Jorge,Brydie,jbrydie26@people.com.cn,Male,293-593-3922,Czech Republic,14-01-2005
80,Albrecht,Defries,adefries27@noaa.gov,Male,990-587-6042,Indonesia,29-06-2014
81,Murvyn,Longstaff,mlongstaff28@webs.com,Male,321-278-5972,China,31-01-2020
82,Ewan,Crosland,ecrosland29@cloudflare.com,Male,562-453-2275,United States,19-09-2021
83,Jacynth,Weond,jweond2a@google.ru,Female,710-439-5441,China,07-12-1990
84,Genni,Butt Gow,gbuttgow2b@360.cn,Female,835-391-9721,South Africa,30-01-2007
85,Ardelis,Loyley,aloyley2c@free.fr,Female,679-369-7397,Russia,10-09-2019
86,Sholom,Furtado,sfurtado2d@jiathis.com,Male,195-574-0892,Portugal,10-09-2015
87,Hedwig,Linn,hlinn2e@redcross.org,Female,739-937-9018,Indonesia,04-08-2012
88,Rutherford,Blacksell,rblacksell2f@usgs.gov,Male,355-906-1899,Thailand,18-11-2020
89,Rice,Scrinage,rscrinage2g@statcounter.com,Male,142-614-5150,Malaysia,28-08-2021
90,Kerry,Kleynen,kkleynen2h@unicef.org,Male,962-254-0894,China,25-10-2002
91,Deny,Frisel,dfrisel2i@e-recht24.de,Female,347-491-3346,Croatia,02-04-1995
92,Julee,Chaff,jchaff2j@youtu.be,Female,665-849-2954,France,01-06-2010
93,Georgie,Eakly,geakly2k@squidoo.com,Male,627-958-7492,China,03-07-2010
94,Euell,Snoddy,esnoddy2l@blogger.com,Male,455-784-8545,Poland,21-11-2010
95,Daffie,Jarrold,djarrold2m@barnesandnoble.com,Female,884-495-8889,Portugal,02-10-2016
96,Elysia,Frewer,efrewer2n@blinklist.com,Female,356-192-3030,Indonesia,03-05-2020
97,Kimball,Manie,kmanie2o@geocities.jp,Male,769-903-0823,Indonesia,19-06-1994
98,Durand,Perell,dperell2p@unc.edu,Male,970-528-2511,United States,14-11-1997
99,Greta,Haigh,ghaigh2q@vimeo.com,Female,982-222-7378,Indonesia,28-11-2018
100,Oberon,Worswick,oworswick2r@cnet.com,Male,271-318-8770,Portugal,17-12-2000
